DLink,DES-1228/ME,1.10.B01
DLink,DES-3010FL,4.30.B22
DLink,DES-3010G,4.20.B27
DLink,DES-3026,4.20.B27
DLink,DES-3026,4.30.B05
DLink,DES-3026,4.30.B12
DLink,DES-3026,4.30.B16
DLink,DES-3028,2.00-B14
DLink,DES-3028,2.00.B27
DLink,DES-3028,2.10.B10
DLink,DES-3028,2.10.B11
DLink,DES-3028,2.30.B08
DLink,DES-3028,2.41.B02
DLink,DES-3028,2.42.B01
DLink,DES-3200-10,1.33.B007
DLink,DES-3200-28,1.31.B004
DLink,DES-3226S,4.03-B04
DLink,DES-3326SR,4.03-B13
DLink,DES-3526,6.00.B23
DLink,DES-3528,2.11.B020
DLink,DES-3828,4.50.B17
DLink,DES-3828,4.50.B22
DLink,DES-3828,4.61.B18
DLink,DGS-3100-24TG,3.00.43
DLink,DGS-3200-10,1.62.B017
DLink,DGS-3312SR,3.60-S22
DLink,DGS-3426G,2.70.B54
DLink,DGS-3612G,2.40.B77
DLink,DGS-3612G,2.82.B13
DLink,DGS-3627G,2.52.B11
DLink,DGS-3627G,2.55.B10
DLink,DGS-3627G,2.82.B13
DLink,DGS-3627G,2.82.B19
DLink,DGS-3627G,2.82.B20
